pick_date,coin,side,score,entry,stop,target,status,exit_date,exit_px,result_R,correct,comment
2026-09-20,ZEC,long,7,1441.5,1206.311569,1911.876862,expired,2026-09-25,1556.2,0.49,True,"Price is 122% above EMA200 and 21% above EMA20 with 70% 20-day return, showing strong sustained uptrend; RSI at 67 indicates momentum strength with room before overbought. Risk: ATR extension ratio of 2.13 is the highest in the dataset, meaning volatility is stretched and mean-reversion pull-backs are likely before target."
2026-09-20,HYPE,long,7,91.011,81.475738,110.081524,expired,2026-09-25,92.092,0.11,True,"Close sits 54% above EMA200 and 9% above EMA20 with RSI at 64 in bullish zone; 18% 5-day return confirms acceleration into the entry. Risk: ATR extension of 1.65 combined with 8% 20-day return shows price has already moved significantly, leaving limited cushion before stop-loss (9.5% below entry)."
2026-09-20,BTC,long,6,80390.0,75982.937902,89204.124197,expired,2026-09-25,84599.0,0.96,True,"Price is 11% above EMA200 and 3% above EMA20 with RSI at 61, representing early-stage trend confirmation; 6% 5-day return shows recent momentum. Risk: 20-day return of only 2.3% is weakest among the three picks and suggests BTC has stalled relative to alts, making the 4.3% upside to target vulnerable to consolidation."
2026-09-21,ETH,long,7,2688.3,2492.979266,3078.941468,expired,2026-09-26,2691.5,0.02,True,"Price is 7.3% above EMA20 with RSI at 68 and 11.1% 20-day return, showing sustained uptrend structure with all EMAs in proper bullish alignment. Extended ATR ratio of 1.88 suggests volatility has spiked recently, creating potential for mean reversion pullback before target is reached."
2026-09-21,SOL,long,7,112.52,102.868362,131.823275,expired,2026-09-26,122.02,0.98,True,"14.1% 5-day return and 12.6% 20-day return with RSI at 65 indicate strong momentum, while price sits 8.5% above EMA20 in a clean uptrend structure across all moving averages. Extended ATR of 1.83 signals elevated volatility that could trigger a stop-hunt below the 102.87 level."
2026-09-21,XRP,long,4,1.4282,1.278038,1.728524,expired,2026-09-26,1.5659,0.92,True,"Score of 4 is lowest of three picks; RSI at 58 lacks conviction, and 20-day return of 5.7% is weakest in the list. EMA50 at 1.30 still sits below EMA200 at 1.34, signaling that primary trend remains unclear despite recent 9.9% 5-day bounce."
2026-09-25,ZEC,long,7,1556.9,1306.849202,2057.001596,expired,2026-09-30,1419.5,-0.55,False,"Price is 27% above EMA20 and 48% above EMA50 with 51.6% 20-day return, showing strong uptrend momentum; RSI at 65.5 and ext_atr of 1.79 indicate room for continuation. Risk: 51.6% 20-day rally is extreme and positions coin near resistance after parabolic move from $655 EMA200."
2026-09-25,BTC,long,6,84599.0,79859.924536,94077.150927,expired,2026-09-30,83498.0,-0.23,False,"Trading 4.7% above EMA20 and 10.6% above EMA50 in a clean uptrend with 6% 20-day return; RSI at 65.8 is strong without overextension and score of 6 is consistent. Risk: ATR of $2,370 means $4,740 swing range; stop at $79,860 is 5.6% from entry, tight for volatility of this magnitude."
2026-09-25,HYPE,long,6,92.092,82.748222,110.779557,expired,2026-09-30,85.84,-0.67,False,Price 5.3% above EMA20 and 15.7% above EMA50 with positive 20-day return and RSI at 60.8 showing room before overbought; target provides 20.3% upside. Risk: ext_atr of 0.987 is the lowest in the set—volatility compression before this move suggests potential mean-reversion; 20-day return of 7.8% is modest relative to the other picks.
2026-09-26,SOL,long,7,122.02,111.735627,142.588745,expired,2026-10-01,117.91,-0.4,False,"Price is 10.8% above EMA20 and 32.3% above EMA200 with 14.5% 20-day return and RSI at 69, showing strong uptrend structure. Risk: RSI is overbought at 69 and extended ATR of 2.3x signals volatility compression; 5-day return positive but modest at +2.6% suggests momentum may be decelerating into this entry."
2026-09-26,XRP,long,7,1.5659,1.385938,1.925824,expired,2026-10-01,1.489,-0.43,False,Price is 8.2% above EMA20 and 16.3% above EMA200 with 10% 20-day return; stop-loss placed 11.6% below entry provides reasonable risk/reward at 1:3.4. Risk: RSI at 63.7 is approaching overbought; recent 5-day return of only +1.8% shows weak momentum confirmation for a new swing entry at current price.
2026-09-26,ETH,long,6,2691.5,2499.74824,3075.00352,expired,2026-10-01,2680.5,-0.06,False,"Price is 4.1% above EMA20 and 20.6% above EMA200 with consistent 7% 20-day return and RSI at 63.5 in healthy bullish zone. Risk: 5-day return is -3.1%, showing recent pullback into entry; stop-loss at 2499.75 is 7.1% below entry while target requires 14.3% gain, creating unfavorable 1:2 risk/reward."
2026-09-30,BTC,long,7,83490.0,79271.080004,91927.839992,open,,,,,"Price is 1.9% above EMA20 and 7.9% above EMA50 with RSI at 60.5 in neutral zone; 20-day return of 9.1% shows sustained uptrend with higher lows. Risk: 5-day return is -0.7% and ATR extension is only 0.73, suggesting momentum may be stalling into resistance."
2026-09-30,ZEC,long,7,1419.3,1168.490826,1920.918347,open,,,,,20-day return of 31.5% is exceptional with price above all three moving averages; EMA200 jumped from $695 to current $1419 indicating structural trend shift. Risk: 5-day return is -8.8% (steepest drawdown in the set) and this magnitude of recent move leaves it vulnerable to sharp pullback.
2026-10-01,SOL,long,7,117.91,107.952516,137.824968,open,,,,,Price 15.1% above 20-day MA with RSI at 61 and close above all three EMAs shows sustained uptrend; 20-day return of +15.1% confirms momentum. Main risk: 5-day return of -2.9% and highest ext_atr ratio (0.86) signal elevated volatility and potential sharp pullback before target.
2026-10-01,XRP,long,7,1.489,1.324718,1.817563,open,,,,,Price above all three EMAs with +9.8% 20-day return and RSI at 56 (neutral-bullish zone) indicates controlled upside setup. Main risk: Lowest ext_atr (0.31) and -2.5% 5-day return suggest weak momentum confirmation despite 20-day gains.
2026-10-01,HYPE,long,7,90.093,80.977062,108.324876,open,,,,,20-day return of +13.5% with price above EMA20/EMA50 and RSI at 55 shows sustained strength; 43% gap between EMA50 and EMA200 indicates strong long-term trend. Main risk: -2.7% 5-day decline and moderate ext_atr (0.35) indicate recent weakness; lowest liquidity signal (ext_atr) among the three picks.
2026-10-02,ETH,long,6,2706.2,2537.582778,3043.434445,open,,,,,"Price is 2.7% above EMA20 (2635) with RSI at 64 and positive 20-day return of 7.2%, showing uptrend confirmation; target of 3043 represents 12.4% gain with ATR-based stop providing 6.2% risk cushion. Main risk is RSI already in overbought territory (>60) leaving limited room for momentum expansion before pullback, and EMA20/50 separation of only 2.7% suggests weakening uptrend strength."
